{"cameraMode":{"drawMode":0,"name":"Shaded","section":"Shading Mode"},"sceneLighting":true,"audioPlay":false,"sceneViewState":{"m_AlwaysRefresh":false,"showFog":true,"showSkybox":true,"showFlares":true,"showImageEffects":true,"showParticleSystems":true,"showVisualEffectGraphs":true,"m_FxEnabled":true},"in2DMode":false,"pivot":{"x":0.06286299228668213,"y":1.5099549293518067,"z":-0.5297751426696777},"rotation":{"x":0.22657497227191926,"y":0.10059554874897003,"z":-0.02353339083492756,"w":0.9685076475143433},"size":0.3339744210243225,"orthographic":true}