{"cameraMode":{"drawMode":0,"name":"Shaded","section":"Shading Mode"},"sceneLighting":true,"audioPlay":false,"sceneViewState":{"m_AlwaysRefresh":false,"showFog":true,"showSkybox":true,"showFlares":true,"showImageEffects":true,"showParticleSystems":true,"showVisualEffectGraphs":true,"m_FxEnabled":true},"in2DMode":false,"pivot":{"x":0.3749581575393677,"y":0.5989999771118164,"z":0.8028568029403687},"rotation":{"x":-0.1995445340871811,"y":-0.06256970018148422,"z":0.012768831104040146,"w":-0.9778055548667908},"size":1.8999967575073243,"orthographic":false}